timestamp,sensor_id,sensor_type,value,anomaly
2025-08-05 12:00:00,mq5_01,mq5_01,150.0,0
2025-08-05 12:01:00,mq5_01,mq5_01,200.0,0
2025-08-05 12:02:00,mq5_01,mq5_01,180.0,0
2025-08-05 12:03:00,mq5_01,mq5_01,300.0,1
2025-08-05 12:04:00,mq5_01,mq5_01,210.0,0
2025-08-05 12:13:16,mq5_01,mq5_01,300.0,1
2025-08-05 12:15:36,mq5_01,mq5_01,200.0,0
2025-08-05 12:15:41,mq5_01,mq5_01,500.0,1
2025-08-05 12:15:46,mq5_01,mq5_01,700.0,1
2025-08-05 12:15:52,mq5_01,mq5_01,200.0,0
2025-08-05 12:15:57,mq5_01,mq5_01,500.0,1
2025-08-06 14:18:46,mq5_01,mq5_01,500.0,1
2025-08-06 14:18:57,mq5_01,mq5_01,400.0,1
2025-08-06 14:19:02,mq5_01,mq5_01,200.0,0
2025-08-06 14:19:14,mq5_01,mq5_01,200.0,0
2025-08-06 15:57:28,mq5_01,mq5_01,200.0,0
2025-08-06 15:57:33,mq5_01,mq5_01,100.0,0
2025-08-06 15:57:38,mq5_01,mq5_01,500.0,1
2025-08-06 15:57:41,mq5_01,mq5_01,50.0,0
2025-08-06 15:57:47,mq5_01,mq5_01,245.0,0
2025-08-06 15:57:50,mq5_01,mq5_01,249.0,0
2025-08-06 15:57:55,mq5_01,mq5_01,233.0,0
2025-08-06 15:58:01,mq5_01,mq5_01,234.0,0
2025-08-06 15:58:06,mq5_01,mq5_01,123.0,0
2025-08-06 15:58:22,mq5_01,mq5_01,322.0,1
2025-08-06 15:58:31,mq5_01,mq5_01,222.0,0
2025-08-06 15:58:39,mq5_01,mq5_01,221.0,0
2025-08-10 13:02:17,mq5_01,mq5_01,221.0,0
2025-08-10 13:02:27,mq5_01,mq5_01,222.0,0
2025-08-10 13:02:36,mq5_01,mq5_01,233.0,0
2025-08-10 13:02:44,mq5_01,mq5_01,239.0,0
2025-08-10 13:02:52,mq5_01,mq5_01,301.0,0
2025-08-10 13:02:58,mq5_01,mq5_01,301.0,0
2025-08-10 13:03:29,mq5_01,mq5_01,306.0,0
2025-08-10 13:03:45,mq5_01,mq5_01,322.0,0
2025-08-10 13:05:06,mq5_01,mq5_01,323.0,0
2025-08-10 13:05:28,mq5_01,mq5_01,324.0,0
2025-08-10 13:05:31,mq5_01,mq5_01,325.0,0
2025-08-10 13:05:34,mq5_01,mq5_01,326.0,0
2025-08-10 13:05:37,mq5_01,mq5_01,327.0,0
2025-08-10 13:05:39,mq5_01,mq5_01,328.0,0
2025-08-10 13:05:42,mq5_01,mq5_01,329.0,0
2025-08-10 13:05:47,mq5_01,mq5_01,330.0,0
2025-08-10 13:05:57,mq5_01,mq5_01,500.0,0
2025-08-10 13:15:53,mq5_01,mq5_01,400.0,1
2025-08-10 13:16:06,mq5_01,mq5_01,300.0,1
2025-08-10 13:16:18,mq5_01,mq5_01,299.0,0
2025-08-10 13:16:27,mq5_01,mq5_01,299.0,0
2025-08-10 13:16:33,mq5_01,mq5_01,399.0,1
2025-08-10 13:16:35,trend_test_sensor,mq5_01,203.26,0
2025-08-10 13:14:35,trend_test_sensor,mq5_01,239.55,0
2025-08-10 13:12:35,trend_test_sensor,mq5_01,283.61,0
2025-08-10 13:10:35,trend_test_sensor,mq5_01,316.43,0
2025-08-10 13:08:35,trend_test_sensor,mq5_01,356.84,0
2025-08-10 13:06:35,trend_test_sensor,mq5_01,397.81,0
2025-08-10 13:04:35,trend_test_sensor,mq5_01,441.19,0
2025-08-10 13:02:35,trend_test_sensor,mq5_01,475.18,0
2025-08-10 13:00:35,trend_test_sensor,mq5_01,515.77,0
2025-08-10 12:58:35,trend_test_sensor,mq5_01,560.52,0
2025-08-11 10:08:48,mq5_01,mq5_01,399.0,1
2025-08-11 10:08:51,mq5_01,mq5_01,499.0,1
2025-08-11 10:08:56,mq5_01,mq5_01,299.0,0
2025-08-11 10:09:01,mq5_01,mq5_01,209.0,0
2025-08-11 10:09:23,mq5_01,mq5_01,309.0,1
2025-08-11 10:10:14,mq5_01,mq5_01,309.0,1
2025-08-11 10:10:18,mq5_01,mq5_01,209.0,1
2025-08-11 10:10:37,mq5_01,mq5_01,209.0,0
2025-08-11 10:10:49,mq5_01,mq5_01,222.0,0
2025-08-11 10:12:22,mq5_01,mq5_01,222.0,0
2025-08-11 10:12:51,mq5_01,mq5_01,302.0,1
2025-08-11 10:13:15,mq5_01,mq5_01,299.0,1
2025-08-11 10:41:24,mq5_01,mq5_01,300.0,1
2025-08-11 10:41:38,mq5_01,mq5_01,299.0,0
2025-08-11 12:28:15,mq5_01,mq5_01,310.0,1
2025-08-11 12:30:57,mq5_01,mq5_01,299.0,0
2025-08-17 00:10:52,mq5_01,mq5_01,300.0,1
2025-08-17 00:11:05,mq5_01,mq5_01,400.0,1
2025-08-17 01:11:12,mq5_01,mq5_01,4000.0,1
2025-08-17 01:11:43,mq5_01,mq5_01,5000.0,1
2025-08-17 01:11:56,mq5_01,mq5_01,50000.0,1
2025-08-17 01:14:57,mq5_01,mq5_01,2000.0,1
2025-08-17 01:15:15,mq5_01,mq5_01,1000.0,1
2025-08-17 01:26:29,mq5_01,mq5_01,1000.0,1
2025-08-17 01:26:34,mq5_01,mq5_01,3000.0,1
2025-08-17 01:26:40,mq5_01,mq5_01,100.0,1
2025-08-17 01:26:42,mq5_01,mq5_01,200.0,0
2025-08-17 01:26:44,mq5_01,mq5_01,300.0,1
2025-08-17 01:26:46,mq5_01,mq5_01,400.0,1
2025-08-17 01:26:48,mq5_01,mq5_01,500.0,1
2025-08-17 01:26:51,mq5_01,mq5_01,600.0,1
2025-08-17 01:26:53,mq5_01,mq5_01,700.0,1
2025-08-17 01:26:55,mq5_01,mq5_01,800.0,1
2025-08-17 01:26:56,mq5_01,mq5_01,900.0,1
2025-08-17 01:27:01,mq5_01,mq5_01,1000.0,1
2025-08-17 01:27:04,mq5_01,mq5_01,1100.0,1
2025-08-17 01:27:06,mq5_01,mq5_01,1200.0,1
2025-08-17 01:27:10,mq5_01,mq5_01,1300.0,1
2025-08-17 01:27:11,mq5_01,mq5_01,1400.0,1
2025-08-17 01:27:13,mq5_01,mq5_01,1500.0,1
2025-08-17 01:27:16,mq5_01,mq5_01,1600.0,1
2025-08-17 01:27:17,mq5_01,mq5_01,1700.0,1
2025-08-17 01:27:21,mq5_01,mq5_01,1800.0,1
2025-08-17 01:27:23,mq5_01,mq5_01,1900.0,1
2025-08-17 01:27:26,mq5_01,mq5_01,2000.0,1
2025-08-17 01:27:32,mq5_01,mq5_01,2100.0,1
2025-08-17 01:27:34,mq5_01,mq5_01,2200.0,1
2025-08-17 01:27:35,mq5_01,mq5_01,2300.0,1
2025-08-17 01:27:36,mq5_01,mq5_01,2400.0,1
2025-08-17 01:27:38,mq5_01,mq5_01,2500.0,1
2025-08-17 01:27:39,mq5_01,mq5_01,2600.0,1
2025-08-17 01:27:40,mq5_01,mq5_01,2700.0,1
2025-08-17 01:27:42,mq5_01,mq5_01,2800.0,1
2025-08-17 01:28:01,mq5_01,mq5_01,2900.0,1
2025-08-17 01:37:12,mq5_01,mq5_01,4000.0,1
